640,HITOM+BASS
648,LOTOM
656,HITOM
664,LOTOM+FLTOM
672,SNARE+FLTOM
680,
688,HITOM+BASS
696,LOTOM
704,HITOM
712,LOTOM
720,HITOM
728,HIHAT+LOTOM
736,HIHAT+SNARE
744,
752,FLTOM
760,
768,HITOM+BASS
776,LOTOM
784,HITOM
792,LOTOM+FLTOM
800,SNARE+FLTOM
808,
816,HITOM+BASS
824,LOTOM
832,HITOM
840,LOTOM
848,HITOM
856,HIHAT+LOTOM
864,HIHAT+SNARE
872,
880,FLTOM
888,
896,HITOM+BASS
904,LOTOM
912,HITOM
920,LOTOM+FLTOM
928,SNARE+FLTOM
936,
944,HITOM+BASS
952,LOTOM
960,HITOM
968,LOTOM
976,HITOM
984,HIHAT+LOTOM
992,HIHAT+SNARE
1000,
1008,FLTOM
1016,
1024,HITOM+BASS
1032,LOTOM
1040,HITOM
1048,LOTOM+FLTOM
1056,SNARE+FLTOM
1064,
1072,HITOM+BASS
1080,LOTOM
1088,HITOM
1096,LOTOM
1104,HITOM
1112,LOTOM
1120,CYMBAL+SNARE+BASS
1128,SNARE+FLTOM
1136,HITOM
1144,HITOM
1152,HITOM+BASS
1160,LOTOM
1168,HITOM
1176,LOTOM+FLTOM
1184,SNARE+FLTOM
1192,
1200,HITOM+BASS
1208,LOTOM
1216,HITOM
1224,LOTOM
1232,HITOM
1240,HIHAT+LOTOM
1248,HIHAT+SNARE
1256,
1264,FLTOM
1272,
1280,HITOM+BASS
1288,LOTOM
1296,HITOM
1304,LOTOM+FLTOM
1312,SNARE+FLTOM
1320,
1328,HITOM+BASS
1336,LOTOM
1344,HITOM
1352,LOTOM
1360,HITOM
1368,HIHAT+LOTOM
1376,HIHAT+SNARE
1384,
1392,FLTOM
1400,
1408,HITOM+BASS
1416,LOTOM
1424,HITOM
1432,LOTOM+FLTOM
1440,SNARE+FLTOM
1448,
1456,HITOM+BASS
1464,LOTOM
1472,HITOM
1480,LOTOM
1488,HITOM
1496,HIHAT+LOTOM
1504,HIHAT+SNARE
1512,
1520,FLTOM
1528,
1536,HITOM+BASS
1544,LOTOM
1552,HITOM
1560,LOTOM+FLTOM
1568,SNARE+FLTOM
1576,
1584,HITOM+BASS
1592,LOTOM
1600,HITOM
1608,LOTOM
1616,HITOM
1624,LOTOM
1632,CYMBAL+SNARE+BASS
1640,SNARE+FLTOM
1648,HITOM
1656,HITOM
1664,HITOM+BASS
1672,LOTOM
1680,HITOM
1688,LOTOM+FLTOM
1696,SNARE+FLTOM
1704,
1712,HITOM+BASS
1720,LOTOM
1728,HITOM
1736,LOTOM
1744,HITOM
1752,HIHAT+LOTOM
1760,HIHAT+SNARE
1768,
1776,FLTOM
1784,
1792,HITOM+BASS
1800,LOTOM
1808,HITOM
1816,LOTOM+FLTOM
1824,SNARE+FLTOM
1832,
1840,HITOM+BASS
1848,LOTOM
1856,HITOM
1864,LOTOM
1872,HITOM
1880,HIHAT+LOTOM
1888,HIHAT+SNARE
1896,
1904,FLTOM
1912,
1920,HITOM+BASS
1928,LOTOM
1936,HITOM
1944,LOTOM+FLTOM
1952,SNARE+FLTOM
1960,
1968,HITOM+BASS
1976,LOTOM
1984,HITOM
1992,LOTOM
2000,HITOM
2008,HIHAT+LOTOM
2016,HIHAT+SNARE
2024,
2032,FLTOM
2040,
2048,HITOM+BASS
2056,LOTOM
2064,HITOM
2072,LOTOM+FLTOM
2080,SNARE+FLTOM
2088,
2096,HITOM+BASS
2104,LOTOM
2112,HITOM
2120,LOTOM
2128,HITOM
2136,LOTOM
2144,CYMBAL+SNARE+BASS
2152,SNARE+FLTOM
2160,HITOM
2168,HITOM
2176,HITOM+BASS
2184,LOTOM
2192,HITOM
2200,LOTOM+FLTOM
2208,SNARE+FLTOM
2216,
2224,HITOM+BASS
2232,LOTOM
2240,HITOM
2248,LOTOM
2256,HITOM
2264,HIHAT+LOTOM
2272,HIHAT+SNARE
2280,
2288,FLTOM
2296,
2304,HITOM+BASS
2312,LOTOM
2320,HITOM
2328,LOTOM+FLTOM
2336,SNARE+FLTOM
2344,
2352,HITOM+BASS
2360,LOTOM
2368,HITOM
2376,LOTOM
2384,HITOM
2392,HIHAT+LOTOM
2400,HIHAT+SNARE
2408,
2416,FLTOM
2424,
2432,HITOM+BASS
2440,LOTOM
2448,HITOM
2456,LOTOM+FLTOM
2464,SNARE+FLTOM
2472,
2480,HITOM+BASS
2488,LOTOM
2496,HITOM
2504,LOTOM
2512,HITOM
2520,HIHAT+LOTOM
2528,HIHAT+SNARE
2536,
2544,FLTOM
2552,
2560,HITOM+BASS
2568,LOTOM
2576,HITOM
2584,LOTOM+FLTOM
2592,SNARE+FLTOM
2600,
2608,HITOM+BASS
2616,LOTOM
2624,HITOM
2632,LOTOM
2640,HITOM
2648,LOTOM
2656,CYMBAL+SNARE+BASS
2664,SNARE+FLTOM
2672,HITOM
2680,HITOM
2688,HITOM+BASS
2696,LOTOM
2704,HITOM
2712,LOTOM+FLTOM
2720,SNARE+FLTOM
2728,
2736,HITOM+BASS
2744,LOTOM
2752,HITOM
2760,LOTOM
2768,HITOM
2776,HIHAT+LOTOM
2784,HIHAT+SNARE
2792,
2800,FLTOM
2808,
2816,HITOM+BASS
2824,LOTOM
2832,HITOM
2840,LOTOM+FLTOM
2848,SNARE+FLTOM
2856,
2864,HITOM+BASS
2872,LOTOM
2880,HITOM
2888,LOTOM
2896,HITOM
2904,HIHAT+LOTOM
2912,HIHAT+SNARE
2920,
2928,FLTOM
2936,
2944,HITOM+BASS
2952,LOTOM
2960,HITOM
2968,LOTOM+FLTOM
2976,SNARE+FLTOM
2984,
2992,HITOM+BASS
3000,LOTOM
3008,HITOM
3016,LOTOM
3024,HITOM
3032,HIHAT+LOTOM
3040,HIHAT+SNARE
3048,
3056,FLTOM
3064,
3072,HITOM+BASS
3080,LOTOM
3088,HITOM
3096,LOTOM+FLTOM
3104,SNARE+FLTOM
3112,
3120,HITOM+BASS
3128,LOTOM
3136,HITOM
3144,LOTOM
3152,HITOM
3160,LOTOM
3168,CYMBAL+SNARE+BASS
3176,SNARE+FLTOM
3184,HITOM
3192,HITOM
3200,HITOM+BASS
3208,LOTOM
3216,HITOM
3224,LOTOM+FLTOM
3232,SNARE+FLTOM
3240,
3248,HITOM+BASS
3256,LOTOM
3264,HITOM
3272,LOTOM
3280,HITOM
3288,HIHAT+LOTOM
3296,HIHAT+SNARE
3304,
3312,FLTOM
3320,
3328,HITOM+BASS
3336,LOTOM
3344,HITOM
3352,LOTOM+FLTOM
3360,SNARE+FLTOM
3368,
3376,HITOM+BASS
3384,LOTOM
3392,HITOM
3400,LOTOM
3408,HITOM
3416,HIHAT+LOTOM
3424,HIHAT+SNARE
3432,
3440,FLTOM
3448,
3456,HITOM+BASS
3464,LOTOM
3472,HITOM
3480,LOTOM+FLTOM
3488,SNARE+FLTOM
3496,
3504,HITOM+BASS
3512,LOTOM
3520,HITOM
3528,LOTOM
3536,HITOM
3544,HIHAT+LOTOM
3552,HIHAT+SNARE
3560,
3568,FLTOM
3576,
3584,HITOM+BASS
3592,LOTOM
3600,HITOM
3608,LOTOM+FLTOM
3616,SNARE+FLTOM
3624,
3632,HITOM+BASS
3640,LOTOM
3648,HITOM
3656,LOTOM
3664,HITOM
3672,LOTOM
3680,CYMBAL+SNARE+BASS
3688,SNARE+FLTOM
3696,HITOM
3704,HITOM
3712,HITOM+BASS
3720,LOTOM
3728,HITOM
3736,LOTOM+FLTOM
3744,SNARE+FLTOM
3752,
3760,HITOM+BASS
3768,LOTOM
3776,HITOM
3784,LOTOM
3792,HITOM
3800,HIHAT+LOTOM
3808,HIHAT+SNARE
3816,
3824,FLTOM
3832,
3840,HITOM+BASS
3848,LOTOM
3856,HITOM
3864,LOTOM+FLTOM
3872,SNARE+FLTOM
3880,
3888,HITOM+BASS
3896,LOTOM
3904,HITOM
3912,LOTOM
3920,HITOM
3928,HIHAT+LOTOM
3936,HIHAT+SNARE
3944,
3952,FLTOM
3960,
3968,HITOM+BASS
3976,LOTOM
3984,HITOM
3992,LOTOM+FLTOM
4000,SNARE+FLTOM
4008,
4016,HITOM+BASS
4024,LOTOM
4032,HITOM
4040,LOTOM
4048,HITOM
4056,HIHAT+LOTOM
4064,HIHAT+SNARE
4072,
4080,FLTOM
4088,
4096,HITOM+BASS
4104,LOTOM
4112,HITOM
4120,LOTOM+FLTOM
4128,SNARE+FLTOM
4136,
4144,HITOM+BASS
4152,LOTOM
4160,HITOM
4168,LOTOM
4176,HITOM
4184,LOTOM
4192,CYMBAL+SNARE+BASS
4200,SNARE+FLTOM
4208,HITOM
4216,HITOM
4224,HITOM+BASS
4232,LOTOM
4240,HITOM
4248,LOTOM+FLTOM
4256,SNARE+FLTOM
4264,
4272,HITOM+BASS
4280,LOTOM
4288,HITOM
4296,LOTOM
4304,HITOM
4312,HIHAT+LOTOM
4320,HIHAT+SNARE
4328,
4336,FLTOM
4344,
4352,HITOM+BASS
4360,LOTOM
4368,HITOM
4376,LOTOM+FLTOM
4384,SNARE+FLTOM
4392,
4400,HITOM+BASS
4408,LOTOM
4416,HITOM
4424,LOTOM
4432,HITOM
4440,HIHAT+LOTOM
4448,HIHAT+SNARE
4456,
4464,FLTOM
4472,
4480,HITOM+BASS
4488,LOTOM
4496,HITOM
4504,LOTOM+FLTOM
4512,SNARE+FLTOM
4520,
4528,HITOM+BASS
4536,LOTOM
4544,HITOM
4552,LOTOM
4560,HITOM
4568,HIHAT+LOTOM
4576,HIHAT+SNARE
4584,
4592,FLTOM
4600,
4608,HITOM+BASS
4616,LOTOM
4624,HITOM
4632,LOTOM+FLTOM
4640,SNARE+FLTOM
4648,
4656,HITOM+BASS
4664,LOTOM
4672,HITOM
4680,LOTOM
4688,HITOM
4696,LOTOM
4704,CYMBAL+SNARE+BASS
4712,SNARE+FLTOM
4720,HITOM
4728,HITOM
4736,HITOM+BASS
4744,LOTOM
4752,HITOM
4760,LOTOM+FLTOM
4768,SNARE+FLTOM
4776,
4784,HITOM+BASS
4792,LOTOM
4800,HITOM
4808,LOTOM
4816,HITOM
4824,HIHAT+LOTOM
4832,HIHAT+SNARE
4840,
4848,FLTOM
4856,
4864,HITOM+BASS
4872,LOTOM
4880,HITOM
4888,LOTOM+FLTOM
4896,SNARE+FLTOM
4904,
4912,HITOM+BASS
4920,LOTOM
4928,HITOM
4936,LOTOM
4944,HITOM
4952,HIHAT+LOTOM
4960,HIHAT+SNARE
4968,
4976,FLTOM
4984,
4992,HITOM+BASS
5000,LOTOM
5008,HITOM
5016,LOTOM+FLTOM
5024,SNARE+FLTOM
5032,
5040,HITOM+BASS
5048,LOTOM
5056,HITOM
5064,LOTOM
5072,HITOM
5080,HIHAT+LOTOM
5088,HIHAT+SNARE
5096,
5104,FLTOM
5112,
5120,HITOM+BASS
5128,LOTOM
5136,HITOM
5144,LOTOM+FLTOM
5152,SNARE+FLTOM
5160,
5168,HITOM+BASS
5176,LOTOM
5184,HITOM
5192,LOTOM
5200,HITOM
5208,LOTOM
5216,CYMBAL+SNARE+BASS
5224,SNARE+FLTOM
5232,HITOM
5240,HITOM
5248,HITOM+BASS
5256,LOTOM
5264,HITOM
5272,LOTOM+FLTOM
5280,SNARE+FLTOM
5288,
5296,HITOM+BASS
5304,LOTOM
5312,HITOM
5320,LOTOM
5328,HITOM
5336,HIHAT+LOTOM
5344,HIHAT+SNARE
5352,
5360,FLTOM
5368,
5376,HITOM+BASS
5384,LOTOM
5392,HITOM
5400,LOTOM+FLTOM
5408,SNARE+FLTOM
5416,
5424,HITOM+BASS
5432,LOTOM
5440,HITOM
5448,LOTOM
5456,HITOM
5464,HIHAT+LOTOM
5472,HIHAT+SNARE
5480,
5488,FLTOM
5496,
5504,HITOM+BASS
5512,LOTOM
5520,HITOM
5528,LOTOM+FLTOM
5536,SNARE+FLTOM
5544,
5552,HITOM+BASS
5560,LOTOM
5568,HITOM
5576,LOTOM
5584,HITOM
5592,HIHAT+LOTOM
5600,HIHAT+SNARE
5608,
5616,FLTOM
5624,
5632,HITOM+BASS
5640,LOTOM
5648,HITOM
5656,LOTOM+FLTOM
5664,SNARE+FLTOM
5672,
5680,HITOM+BASS
5688,LOTOM
5696,HITOM
5704,LOTOM
5712,HITOM
5720,LOTOM
5728,CYMBAL+SNARE+BASS
5736,SNARE+FLTOM
5744,HITOM
5752,HITOM
5760,HITOM+BASS
5768,LOTOM
5776,HITOM
5784,LOTOM+FLTOM
5792,SNARE+FLTOM
5800,
5808,HITOM+BASS
5816,LOTOM
5824,HITOM
5832,LOTOM
5840,HITOM
5848,HIHAT+LOTOM
5856,HIHAT+SNARE
5864,
5872,FLTOM
5880,
5888,HITOM+BASS
5896,LOTOM
5904,HITOM
5912,LOTOM+FLTOM
5920,SNARE+FLTOM
5928,
5936,HITOM+BASS
5944,LOTOM
5952,HITOM
5960,LOTOM
5968,HITOM
5976,HIHAT+LOTOM
5984,HIHAT+SNARE
5992,
6000,FLTOM
6008,
6016,HITOM+BASS
6024,LOTOM
6032,HITOM
6040,LOTOM+FLTOM
6048,SNARE+FLTOM
6056,
6064,HITOM+BASS
6072,LOTOM
6080,HITOM
6088,LOTOM
6096,HITOM
6104,HIHAT+LOTOM
6112,HIHAT+SNARE
6120,
6128,FLTOM
6136,
6144,HITOM+BASS
6152,LOTOM
6160,HITOM
6168,LOTOM+FLTOM
6176,SNARE+FLTOM
6184,
6192,HITOM+BASS
6200,LOTOM
6208,HITOM
6216,LOTOM
6224,HITOM
6232,LOTOM
6240,CYMBAL+SNARE+BASS
6248,SNARE+FLTOM
6256,HITOM
6264,HITOM
6272,HITOM+BASS
6280,LOTOM
6288,HITOM
6296,LOTOM+FLTOM
6304,SNARE+FLTOM
6312,
6320,HITOM+BASS
6328,LOTOM
6336,HITOM
6344,LOTOM
6352,HITOM
6360,HIHAT+LOTOM
6368,HIHAT+SNARE
6376,
6384,FLTOM
6392,
6400,HITOM+BASS
6408,LOTOM
6416,HITOM
6424,LOTOM+FLTOM
6432,SNARE+FLTOM
6440,
6448,HITOM+BASS
6456,LOTOM
6464,HITOM
6472,LOTOM
6480,HITOM
6488,HIHAT+LOTOM
6496,HIHAT+SNARE
6504,
6512,FLTOM
6520,
6528,HITOM+BASS
6536,LOTOM
6544,HITOM
6552,LOTOM+FLTOM
6560,SNARE+FLTOM
6568,
6576,HITOM+BASS
6584,LOTOM
6592,HITOM
6600,LOTOM
6608,HITOM
6616,HIHAT+LOTOM
6624,HIHAT+SNARE
6632,
6640,FLTOM
6648,
6656,HITOM+BASS
6664,LOTOM
6672,HITOM
6680,LOTOM+FLTOM
6688,SNARE+FLTOM
6696,
6704,HITOM+BASS
6712,LOTOM
6720,HITOM
6728,LOTOM
6736,HITOM
6744,LOTOM
6752,CYMBAL+SNARE+BASS
6760,SNARE+FLTOM
6768,HITOM
6776,HITOM
6784,HITOM+BASS
6792,LOTOM
6800,HITOM
6808,LOTOM+FLTOM
6816,SNARE+FLTOM
6824,
6832,HITOM+BASS
6840,LOTOM
6848,HITOM
6856,LOTOM
6864,HITOM
6872,HIHAT+LOTOM
6880,HIHAT+SNARE
6888,
6896,FLTOM
6904,
6912,HITOM+BASS
6920,LOTOM
6928,HITOM
6936,LOTOM+FLTOM
6944,SNARE+FLTOM
6952,
6960,HITOM+BASS
6968,LOTOM
6976,HITOM
6984,LOTOM
6992,HITOM
7000,HIHAT+LOTOM
7008,HIHAT+SNARE
7016,
7024,FLTOM
7032,
7040,HITOM+BASS
7048,LOTOM
7056,HITOM
7064,LOTOM+FLTOM
7072,SNARE+FLTOM
7080,
7088,HITOM+BASS
7096,LOTOM
7104,HITOM
7112,LOTOM
7120,HITOM
7128,HIHAT+LOTOM
7136,HIHAT+SNARE
7144,
7152,FLTOM
7160,
7168,HITOM+BASS
7176,LOTOM
7184,HITOM
7192,LOTOM+FLTOM
7200,SNARE+FLTOM
7208,
7216,HITOM+BASS
7224,LOTOM
7232,HITOM
7240,LOTOM
7248,HITOM
7256,LOTOM
7264,CYMBAL+SNARE+BASS
7272,SNARE+FLTOM
7280,HITOM
7288,HITOM
7296,HITOM+BASS
7304,LOTOM
7312,HITOM
7320,LOTOM+FLTOM
7328,SNARE+FLTOM
7336,
7344,HITOM+BASS
7352,LOTOM
7360,HITOM
7368,LOTOM
7376,HITOM
7384,HIHAT+LOTOM
7392,HIHAT+SNARE
7400,
7408,FLTOM
7416,
7424,HITOM+BASS
7432,LOTOM
7440,HITOM
7448,LOTOM+FLTOM
7456,SNARE+FLTOM
7464,
7472,HITOM+BASS
7480,LOTOM
7488,HITOM
7496,LOTOM
7504,HITOM
7512,HIHAT+LOTOM
7520,HIHAT+SNARE
7528,
7536,FLTOM
7544,
7552,HITOM+BASS
7560,LOTOM
7568,HITOM
7576,LOTOM+FLTOM
7584,SNARE+FLTOM
7592,
7600,HITOM+BASS
7608,LOTOM
7616,HITOM
7624,LOTOM
7632,HITOM
7640,HIHAT+LOTOM
7648,HIHAT+SNARE
7656,
7664,FLTOM
7672,
7680,HITOM+BASS
7688,LOTOM
7696,HITOM
7704,LOTOM+FLTOM
7712,SNARE+FLTOM
7720,
7728,HITOM+BASS
7736,LOTOM
7744,HITOM
7752,LOTOM
7760,HITOM
7768,LOTOM
7776,CYMBAL+SNARE+BASS
7784,SNARE+FLTOM
7792,HITOM
7800,HITOM
7808,HITOM+BASS
7816,LOTOM
7824,HITOM
7832,LOTOM+FLTOM
7840,SNARE+FLTOM
7848,
7856,HITOM+BASS
7864,LOTOM
7872,HITOM
7880,LOTOM
7888,HITOM
7896,HIHAT+LOTOM
7904,HIHAT+SNARE
7912,
7920,FLTOM
7928,
7936,HITOM+BASS
7944,LOTOM
7952,HITOM
7960,LOTOM+FLTOM
7968,SNARE+FLTOM
7976,
7984,HITOM+BASS
7992,LOTOM
8000,HITOM
8008,LOTOM
8016,HITOM
8024,HIHAT+LOTOM
8032,HIHAT+SNARE
8040,
8048,FLTOM
8056,
8064,HITOM+BASS
8072,LOTOM
8080,HITOM
8088,LOTOM+FLTOM
8096,SNARE+FLTOM
8104,
8112,HITOM+BASS
8120,LOTOM
8128,HITOM
8136,LOTOM
8144,HITOM
8152,HIHAT+LOTOM
8160,HIHAT+SNARE
8168,
8176,FLTOM
8184,
8192,HITOM+BASS
8200,LOTOM
8208,HITOM
8216,LOTOM+FLTOM
8224,SNARE+FLTOM
8232,
8240,HITOM+BASS
8248,LOTOM
8256,HITOM
8264,LOTOM
8272,HITOM
8280,LOTOM
8288,CYMBAL+SNARE+BASS
8296,SNARE+FLTOM
8304,HITOM
8312,HITOM
8320,HITOM+BASS
8328,LOTOM
8336,HITOM
8344,LOTOM+FLTOM
8352,SNARE+FLTOM
8360,
8368,HITOM+BASS
8376,LOTOM
8384,HITOM
8392,LOTOM
8400,HITOM
8408,HIHAT+LOTOM
8416,HIHAT+SNARE
8424,
8432,FLTOM
8440,
8448,HITOM+BASS
8456,LOTOM
8464,HITOM
8472,LOTOM+FLTOM
8480,SNARE+FLTOM
8488,
8496,HITOM+BASS
8504,LOTOM
8512,HITOM
8520,LOTOM
8528,HITOM
8536,HIHAT+LOTOM
8544,HIHAT+SNARE
8552,
8560,FLTOM
8568,
8576,HITOM+BASS
8584,LOTOM
8592,HITOM
8600,LOTOM+FLTOM
8608,SNARE+FLTOM
8616,
8624,HITOM+BASS
8632,LOTOM
8640,HITOM
8648,LOTOM
8656,HITOM
8664,HIHAT+LOTOM
8672,HIHAT+SNARE
8680,
8688,FLTOM
8696,
8704,HITOM+BASS
8712,LOTOM
8720,HITOM
8728,LOTOM+FLTOM
8736,SNARE+FLTOM
8744,
8752,HITOM+BASS
8760,LOTOM
8768,HITOM
8776,LOTOM
8784,HITOM
8792,LOTOM
8800,CYMBAL+SNARE+BASS
8808,SNARE+FLTOM
8816,HITOM
8824,HITOM
8832,HITOM+BASS
8840,LOTOM
8848,HITOM
8856,LOTOM+FLTOM
8864,SNARE+FLTOM
8872,
8880,HITOM+BASS
8888,LOTOM
8896,HITOM
8904,LOTOM
8912,HITOM
8920,HIHAT+LOTOM
8928,HIHAT+SNARE
8936,
8944,FLTOM
8952,
8960,HITOM+BASS
8968,LOTOM
8976,HITOM
8984,LOTOM+FLTOM
8992,SNARE+FLTOM
9000,
9008,HITOM+BASS
9016,LOTOM
9024,HITOM
9032,LOTOM
9040,HITOM
9048,HIHAT+LOTOM
9056,HIHAT+SNARE
9064,
9072,FLTOM
9080,
9088,HITOM+BASS
9096,LOTOM
9104,HITOM
9112,LOTOM+FLTOM
9120,SNARE+FLTOM
9128,
9136,HITOM+BASS
9144,LOTOM
9152,HITOM
9160,LOTOM
9168,HITOM
9176,HIHAT+LOTOM
9184,HIHAT+SNARE
9192,
9200,FLTOM
9208,
9216,HITOM+BASS
9224,LOTOM
9232,HITOM
9240,LOTOM+FLTOM
9248,SNARE+FLTOM
9256,
9264,HITOM+BASS
9272,LOTOM
9280,HITOM
9288,LOTOM
9296,HITOM
9304,LOTOM
9312,CYMBAL+SNARE+BASS
9320,SNARE+FLTOM
9328,HITOM
9336,HITOM
9344,HITOM+BASS
9352,LOTOM
9360,HITOM
9368,LOTOM+FLTOM
9376,SNARE+FLTOM
9384,
9392,HITOM+BASS
9400,LOTOM
9408,HITOM
9416,LOTOM
9424,HITOM
9432,HIHAT+LOTOM
9440,HIHAT+SNARE
9448,
9456,FLTOM
9464,
9472,HITOM+BASS
9480,LOTOM
9488,HITOM
9496,LOTOM+FLTOM
9504,SNARE+FLTOM
9512,
9520,HITOM+BASS
9528,LOTOM
9536,HITOM
9544,LOTOM
9552,HITOM
9560,HIHAT+LOTOM
9568,HIHAT+SNARE
9576,
9584,FLTOM
9592,
9600,HITOM+BASS
9608,LOTOM
9616,HITOM
9624,LOTOM+FLTOM
9632,SNARE+FLTOM
9640,
9648,HITOM+BASS
9656,LOTOM
9664,HITOM
9672,LOTOM
9680,HITOM
9688,HIHAT+LOTOM
9696,HIHAT+SNARE
9704,
9712,FLTOM
9720,
9728,HITOM+BASS
9736,LOTOM
9744,HITOM
9752,LOTOM+FLTOM
9760,SNARE+FLTOM
9768,
9776,HITOM+BASS
9784,LOTOM
9792,HITOM
9800,LOTOM
9808,HITOM
9816,LOTOM
9824,CYMBAL+SNARE+BASS
9832,SNARE+FLTOM
9840,HITOM
9848,HITOM
9856,HITOM+BASS
9864,LOTOM
9872,HITOM
9880,LOTOM+FLTOM
9888,SNARE+FLTOM
9896,
9904,HITOM+BASS
9912,LOTOM
9920,HITOM
9928,LOTOM
9936,HITOM
9944,HIHAT+LOTOM
9952,HIHAT+SNARE
9960,
9968,FLTOM
9976,
9984,HITOM+BASS
9992,LOTOM
10000,HITOM
10008,LOTOM+FLTOM
10016,SNARE+FLTOM
10024,
10032,HITOM+BASS
10040,LOTOM
10048,HITOM
10056,LOTOM
10064,HITOM
10072,HIHAT+LOTOM
10080,HIHAT+SNARE
10088,
10096,FLTOM
10104,
10112,HITOM+BASS
10120,LOTOM
10128,HITOM
10136,LOTOM+FLTOM
10144,SNARE+FLTOM
10152,
10160,HITOM+BASS
10168,LOTOM
10176,HITOM
10184,LOTOM
10192,HITOM
10200,HIHAT+LOTOM
10208,HIHAT+SNARE
10216,
10224,FLTOM
10232,
10240,HITOM+BASS
10248,LOTOM
10256,HITOM
10264,LOTOM+FLTOM
10272,SNARE+FLTOM
10280,
10288,HITOM+BASS
10296,LOTOM
10304,HITOM
10312,LOTOM
10320,HITOM
10328,LOTOM
10336,CYMBAL+SNARE+BASS
10344,SNARE+FLTOM
10352,HITOM
10360,HITOM
10368,HITOM+BASS
10376,LOTOM
10384,HITOM
10392,LOTOM+FLTOM
10400,SNARE+FLTOM
10408,
10416,HITOM+BASS
10424,LOTOM
10432,HITOM
10440,LOTOM
10448,HITOM
10456,HIHAT+LOTOM
10464,HIHAT+SNARE
10472,
10480,FLTOM
10488,
10496,HITOM+BASS
10504,LOTOM
10512,HITOM
10520,LOTOM+FLTOM
10528,SNARE+FLTOM
10536,
10544,HITOM+BASS
10552,LOTOM
10560,HITOM
10568,LOTOM
10576,HITOM
10584,HIHAT+LOTOM
10592,HIHAT+SNARE
10600,
10608,FLTOM
10616,
10624,HITOM+BASS
10632,LOTOM
10640,HITOM
10648,LOTOM+FLTOM
10656,SNARE+FLTOM
10664,
10672,HITOM+BASS
10680,LOTOM
10688,HITOM
10696,LOTOM
10704,HITOM
10712,HIHAT+LOTOM
10720,HIHAT+SNARE
10728,
10736,FLTOM
10744,
10752,HITOM+BASS
10760,LOTOM
10768,HITOM
10776,LOTOM+FLTOM
10784,SNARE+FLTOM
10792,
10800,HITOM+BASS
10808,LOTOM
10816,HITOM
10824,LOTOM
10832,HITOM
10840,LOTOM
10848,CYMBAL+SNARE+BASS
10856,SNARE+FLTOM
10864,HITOM
10872,HITOM
10880,HITOM+BASS
10888,LOTOM
10896,HITOM
10904,LOTOM+FLTOM
10912,SNARE+FLTOM
10920,
10928,HITOM+BASS
10936,LOTOM
10944,HITOM
10952,LOTOM
10960,HITOM
10968,HIHAT+LOTOM
10976,HIHAT+SNARE
10984,
10992,FLTOM
11000,
11008,HITOM+BASS
11016,LOTOM
11024,HITOM
11032,LOTOM+FLTOM
11040,SNARE+FLTOM
11048,
11056,HITOM+BASS
11064,LOTOM
11072,HITOM
11080,LOTOM
11088,HITOM
11096,HIHAT+LOTOM
11104,HIHAT+SNARE
11112,
11120,FLTOM
11128,
11136,HITOM+BASS
11144,LOTOM
11152,HITOM
11160,LOTOM+FLTOM
11168,SNARE+FLTOM
11176,
11184,HITOM+BASS
11192,LOTOM
11200,HITOM
11208,LOTOM
11216,HITOM
11224,HIHAT+LOTOM
11232,HIHAT+SNARE
11240,
11248,FLTOM
11256,
11264,HITOM+BASS
11272,LOTOM
11280,HITOM
11288,LOTOM+FLTOM
11296,SNARE+FLTOM
11304,
11312,HITOM+BASS
11320,LOTOM
11328,HITOM
11336,LOTOM
11344,HITOM
11352,LOTOM
11360,CYMBAL+SNARE+BASS
11368,SNARE+FLTOM
11376,HITOM
11384,HITOM
11392,HITOM+BASS
11400,LOTOM
11408,HITOM
11416,LOTOM+FLTOM
11424,SNARE+FLTOM
11432,
11440,HITOM+BASS
11448,LOTOM
11456,HITOM
11464,LOTOM
11472,HITOM
11480,HIHAT+LOTOM
11488,HIHAT+SNARE
11496,
11504,FLTOM
11512,
11520,HITOM+BASS
11528,LOTOM
11536,HITOM
11544,LOTOM+FLTOM
11552,SNARE+FLTOM
11560,
11568,HITOM+BASS
11576,LOTOM
11584,HITOM
11592,LOTOM
11600,HITOM
11608,HIHAT+LOTOM
11616,HIHAT+SNARE
11624,
11632,FLTOM
11640,
11648,HITOM+BASS
11656,LOTOM
11664,HITOM
11672,LOTOM+FLTOM
11680,SNARE+FLTOM
11688,
11696,HITOM+BASS
11704,LOTOM
11712,HITOM
11720,LOTOM
11728,HITOM
11736,HIHAT+LOTOM
11744,HIHAT+SNARE
11752,
11760,FLTOM
11768,
11776,HITOM+BASS
11784,LOTOM
11792,HITOM
11800,LOTOM+FLTOM
11808,SNARE+FLTOM
11816,
11824,HITOM+BASS
11832,LOTOM
11840,HITOM
11848,LOTOM
11856,HITOM
11864,LOTOM
11872,CYMBAL+SNARE+BASS
11880,SNARE+FLTOM
11888,HITOM
11896,HITOM
11904,HITOM+BASS
11912,LOTOM
11920,HITOM
11928,LOTOM+FLTOM
11936,SNARE+FLTOM
11944,
11952,HITOM+BASS
11960,LOTOM
11968,HITOM
11976,LOTOM
11984,HITOM
11992,HIHAT+LOTOM
12000,HIHAT+SNARE
12008,
12016,FLTOM
12024,
12032,HITOM+BASS
12040,LOTOM
12048,HITOM
12056,LOTOM+FLTOM
12064,SNARE+FLTOM
12072,
12080,HITOM+BASS
12088,LOTOM
12096,HITOM
12104,LOTOM
12112,HITOM
12120,HIHAT+LOTOM
12128,HIHAT+SNARE
12136,
12144,FLTOM
12152,
12160,HITOM+BASS
12168,LOTOM
12176,HITOM
12184,LOTOM+FLTOM
12192,SNARE+FLTOM
12200,
12208,HITOM+BASS
12216,LOTOM
12224,HITOM
12232,LOTOM
12240,HITOM
12248,HIHAT+LOTOM
12256,HIHAT+SNARE
12264,
12272,FLTOM
12280,
12288,HITOM+BASS
12296,LOTOM
12304,HITOM
12312,LOTOM+FLTOM
12320,SNARE+FLTOM
12328,
12336,HITOM+BASS
12344,LOTOM
12352,HITOM
12360,LOTOM
12368,HITOM
12376,LOTOM
12384,CYMBAL+SNARE+BASS
12392,SNARE+FLTOM
12400,HITOM
12408,HITOM
